<?xml version="1.0" encoding="UTF-8"?>
<project-private xmlns="http://www.netbeans.org/ns/project-private/1">
    <editor-bookmarks xmlns="http://www.netbeans.org/ns/editor-bookmarks/2" lastBookmarkId="0"/>
    <open-files xmlns="http://www.netbeans.org/ns/projectui-open-files/2">
        <group>
            <file>file:/C:/Users/Robin%20Tan/Documents/NetBeansProjects/Asura/src/asura/Q3.java</file>
            <file>file:/C:/Users/Robin%20Tan/Documents/NetBeansProjects/Asura/src/asura/Q1.java</file>
            <file>file:/C:/Users/Robin%20Tan/Documents/NetBeansProjects/Asura/src/asura/Q2.java</file>
            <file>file:/C:/Users/Robin%20Tan/Documents/NetBeansProjects/Asura/src/asura/Q5.java</file>
            <file>file:/C:/Users/Robin%20Tan/Documents/NetBeansProjects/Asura/src/asura/Q6.java</file>
            <file>file:/C:/Users/Robin%20Tan/Documents/NetBeansProjects/Asura/src/asura/Results.java</file>
            <file>file:/C:/Users/Robin%20Tan/Documents/NetBeansProjects/Asura/src/asura/Q4.java</file>
            <file>file:/C:/Users/Robin%20Tan/Documents/NetBeansProjects/Asura/src/asura/Score.java</file>
            <file>file:/C:/Users/Robin%20Tan/Documents/NetBeansProjects/Asura/src/asura/SplashUI.java</file>
        </group>
    </open-files>
</project-private>
